Seed,F1-score
0,0.9077046195298885
1,0.9146211951900356
2,0.9113720492001599
3,0.9112739064886823
4,0.9149152959079984
