Seed,F1-score
0,0.9625461912321128
1,0.9629597966786091
2,0.9631342166241971
3,0.9637567615204965
4,0.9643433447601358
