Seed,F1-score
0,0.9594209650701977
1,0.9598382252023853
2,0.960515129247482
3,0.9614150749623774
4,0.9603745571659523
